rmse,mae,mape
342.82422592806864,172.04263761758284,0.2888474675026576
