rmse,mae,mape
137.9335557989395,41.5332301592586,0.640871922165077
