rmse,mae,mape
124.99184703489944,56.38317491189563,0.07356769796424133
