rmse,mae,mape
731.0004475633789,432.71623174554674,1.166292889135097
