rmse,mae,mape
562.817472446824,404.5427537492786,0.6909404847339968
