rmse,mae,mape
175.2151156770383,68.7136552829935,1.411749292332052
