rmse,mae,mape
119.8083300714457,59.23848092931077,0.07633838782615149
