rmse,mae,mape
447.8263092595545,195.88706964204817,0.3190261156235722
