rmse,mae,mape
158.8730529037838,58.71867176210038,0.9892135511466096
