rmse,mae,mape
404.45854854292236,189.67354138664396,0.32270353906412963
