rmse,mae,mape
124.86497428987033,58.51681798264364,0.0788529970543253
