rmse,mae,mape
154.72606386673843,53.4954836989894,0.9287288200750697
