rmse,mae,mape
173.78090310495233,53.96860865333371,0.8564008768389548
