rmse,mae,mape
785.8270347289067,425.7307551491624,0.8275867743133551
