rmse,mae,mape
547.9333060899161,379.5445906995927,0.6324467968543213
